protein_id,sequence_id,spearman_LOR,spearman_RSA*LOR,spearman_WLOR,spearman_RSA*WLOR,n_mutations,MSA_Ntot,MSA_Neff,sequence_length,spead_mutations
1div,1div_A,0.41179127578057106,0.5680635072645791,0.45097507831323297,0.6053163500758908,81,19944,10710.01,149,145
1jok,1jok_A,0.5805614530414989,0.6490464813079059,0.5760147573100913,0.6466992693925424,150,32267,18649.05,149,146
1nmv,1nmv_A,0.4141702380100597,0.45503564561315385,0.5063607652043354,0.618191882974783,68,108353,21428.59,163,68
1u4q,1u4q_A,0.5573904043718878,0.5864928926033415,0.5746001200588848,0.5965343618251866,74,220769,27672.24,322,204
2lzm,2lzm_A,0.4112852166912008,0.5069509270638749,0.4328921519933161,0.5058879063804067,214,3882,2214.36,164,161
2src,2src_A,0.441810706892079,0.4884677404710337,0.5224531794627322,0.559689882855108,60,1243130,154997.47,452,109
5cig,5cig_B,0.6238068125820598,0.47371858223834534,0.6636191875447304,0.5352637155264268,60,16447,8224.89,108,102
